text|is_normalized
Скажите, пожалуйста, что именно не работает?((|0
Он приехал из Санкт-Петербурга вчера вечером???|0
Заявка будет рассмотрена в 3-й рабочий день.|0
Я вас слушаю!!|0
Осталось 8,4 ГБ интернета.|0
Абонентская плата составляет 350 рублей.|0
Спасибо , что дождались ответа.|0
Курьер приедет на ул. Ленина после обеда.|0
Обращение от г-жи Смирновой зарегистрировано.|0
Обращение от госпожи Смирновой зарегистрировано <3|0
Заявка принята в 20:30.|0
Tариф действует c начала двадцать первого века.|0
Сегодня обещают -5° и ветер.|0
Раздел XXI договора описывает эту услугу.|0
Напишите нам на support@example.com.|0
Подробности на сайте www.beeline.ru.|0
Он говорил медленно, будто взвешивая каждое слово, и смотрел куда-то мимо меня..|0
Тариф действует с начала XXI века.|0
E-mail указан в личном кабинете.|0
Приложение XIX доступно в личном кабинете.|0
Комиссия составляет 50%.|0
Стоимость подписки 1814 ₽ в месяц.|0
Заявку оформил С. Кузнецов сегодня утром.|0
Приложение доступно для Android и для Айфона.|0
Обращение от госпожи Смирновой зарегистрировано)|0
Давайте начнём сначала..|0
Абонентская плата составляет триста пятьдесят рублей!.|0
Осталось пятнадцать минут исходящих вызовов..|0
Кое-что придётся уточнить у спе​циалиста.|0
Осталось 4,9 ГБ интернета.|0
Оператор освободится в 19:00.|0
Простите , я не понял, что вы сказали.|0
То есть списание произойдёт завтра)|0
Тариф действует с начала двадцать 1-го века.|0
М. Ивановна ждёт вашего звонка.|0
Простите,я не понял, что вы сказали.|0
Он приехал из Санкт-Петербурга вчера вечером!!!|0
Включите USB-C в настройках телефона.|0
Приложение доступно для Андроида и для iPhone. ;)|0
Чек отправлен на почту user@mts.ru.|0
Списание произойдёт в 16:45 по московскому времени.|0
Вы подписаны на пакет “Всё включено”.|0
Ммм, извините за долгое ожидание.|0
Договор оформлен в г. Казани.|0
Стоимость подписки — 100 рублей в месяц.|0
Раздел 2-й договора описывает эту услугу.|0
Раздел второй договора описывает эту услугу!.|0
Вы можете оплатить картой, наличными и так далее!!!|0
Никаких дополнительных действий не требуется).|0
На счету 3369 ₽.|0
Сегодня обещают -2° и ветер.|0
Я передам ваше сообщение оператору???|0
Пакет включает 10 гигабайт в месяц.|0
Тариф действует с начала 21 века.|0
Скидка составит 20 процентов.|0
Инструкция опубликована на https://mts.ru/help.|0
Я вышел из домa, когда уже совсем стемнело, и долго стоял под фонарём.|0
Переадресация настроена на +7 (936) 181-51-81.|0
Оператор освободится в 23:45.|0
Абонентская плата состaвляeт триста пятьдесят рублей.|0
Чек отправлен на почту user@support.ru.|0
Услуга включает звонки, соoбщения и томy подобное.|0
Вы можете оплатить картой, наличными и т.д..|0
Он обещал вернуться к вечеру , но так и не пришёл.|0
Заявка обрабатывается 7–12 рабочих дней.|0
Ваш MacBook Air поддерживает сеть Wi-Fi 6.|0
Справку можно получить в МВД.|0
Тариф изменится 18.10.2026.|0
Г-н Иванов, ваша заявка одобрена.|0
Давайте начнём сначала :Р|0
Платёж поступил 19.10.2026.|0
Гмм, из-за сбоя счёт не пополнился вовремя.|0
Настройки Internet находятся в меню телефона.|0
Инструкция опубликована на https://beeline.ru/help.|0
Документ заверен в Минюсте.|0
Спасибо, что дождались ответа &|0
"Вы подписаны на пакет ""Bсё включeно""."|0
Кто-то звонил вам сегодня утром!.|0
Звонил И. Петров и просил перезвонить.|0
Раздел XIX договора описывает эту услугу.|0
Извините за долгое ожидание??|0
Договор заключён 18.03.2026.|0
Модель MacBook Air снята с производства.|0
Вы подписаны на пакет „Всё включено“.|0
Скажите,( пожалуйста, что именно не работает.|0
Спасибо, чтo дoждались ответа.|0
Ожидание составит 19-21 минут.|0
Раздел VIII договора описывает эту услугу.|0
Хехе, звонил Иван Петров и просил перезвонить.|0
Сегодня обещают 11° и ветер.|0
Тариф действует с начала 21-го века.|0
Ваш номер +7 (907) 762-91-80 подтверждён.|0
Я до сих пор не знаю,было ли это случайностью или чьим-то расчётом.|0
Это займёт совсем немного времени)))|0
Пакет включает 4,1 ГБ в месяц.|0
Мы шли по набережной,и ветер с залива был неожиданно тёплым для октября.|0
Подключите Wi-Fi в настройках устройства.|0
Осталoсь 15 минут исходящих вызовов.|0
Переадресация настроена на +7 (981) 446-49-32.|0
Договор заключён 16.02.2026.|0
Раздел II договора описывает эту услугу.|0
Спaсибо, что дождались oтвета.|0
Ваш MacBook Air поддерживает сеть NFC.|0
Мда, к сожалению, я не расслышал ваш ответ.|0
Счёт за прошлый месяц уже сформирован.|0
Сегодня обещают -24° и ветер.|0
Ыы, спасибо, что дождались ответа.|0
Доставка займёт 22–29 дней.|0
Вы уверены, что хотитe отключить услугу?|0
Ваш Samsung поддерживает эту функцию.|0
Скорость снижена до 147 Мбит/с.|0
Скидка 39% действует до конца недели.|0
Кто-тo звонил вам сегодня утром.|0
Вы израсходовали 126 МБ трафика.|0
Модель Redmi Note 12 снята с производства.|0
Платёж поступил 26.05.2022.|0
Платёж поступил 22.03.2026.|0
Приложение доступно для Андроида и для iPhone.|0
Офис находится в г. Петербурге на улице Савушкина.|0
Договор заключён 21.09.2025.|0
К сожалeнию, я не раcслышал ваш ответ.|0
Вы израсходовали 614 МБ трафика.|0
Настройки интернета находятся в меню​телефона.|0
Хм, мы учтём ваше пожелание при следующем обращении.|0
Опция “Обещанный платёж” доступна новым абонентам.|0
Оператор освободится в 04:45.|0
Скидка 26% действует до конца недели.|0
Заявка привязана к номеру 8-800-327-98-57.|0
Подробности на сайте www.example.com.|0
Включите 4G в настройках телефона.|0
Договор заключён 20.02.2024.|0
Ожидание составит 15-19 минут.|0
Скидка 55% действует до конца недели.|0
Осталось 4,2 ГБ интернета.|0
Мы работаем с 11:30 до 16:00.|0
Хмм, это займёт совсем немного времени.|0
Заявка обрабатывается 7–11 рабочих дней.|0
Модель Galaxy S23 снята с производства.|0
Переадресация настроена на +7 (989) 448-89-22.|0
До ближайшего салона 37 км.|0
Ваш номер 8-800-885-97-46 подтверждён.|0
Я могу объяснить это по-русски или по-английски;p|0
Комиссия составляет 26%.|0
Мы работаем с 16:45 до 20:45.|0
Справку» можно получить в министерстве внутренних дел.|0
Вы израсходовали 284 МБ трафика.|0
Ожидание составит 8-13 минут.|0
Пакет включает 1,6 ГБ в месяц.|0
Заявка привязана к номеру +7 (967) 351-43-41.|0
К сожалению,я не расслышал ваш ответ.|0
Списание произойдёт в 00:15 по московскому времени.|0
Чек отправлен на почту user@example.com.|0
Сегодня обещают -16° и ветер.|0
Осталось 15 минут исходящих вызовов.|0
Ваш Redmi Note 12 поддерживает сеть NFC.|0
Ваш номер 8-800-974-66-83 подтверждён.|0
